Arabidopsis thaliana,Picea abies,Physcomitrella patens,Marchantia polymorpha,Klebsormidium nitens,Chlamydomonas reinhardtii
AT1G01225,AT1G01060,AT4G02280,AT1G10580,AT1G01020,AT3G18524
AT1G01510,AT1G01320,AT5G49190,AT1G67720,AT1G01040,AT2G40990
AT1G01560,AT1G01650,AT5G11980,AT2G37050,AT1G01510,AT3G26935
AT1G02040,AT1G02060,AT2G42220,AT4G38760,AT1G01830,AT3G48760
AT1G02060,AT1G02660,AT4G39420,AT3G15380,AT1G01920,AT3G56930
AT1G02160,AT1G02850,AT3G08530,AT4G26980,AT1G01960,AT4G24630
AT1G02530,AT1G03060,AT3G11130,AT1G26320,AT1G02970,AT5G05070
AT1G02880,AT1G03290,AT1G15380,AT3G03080,AT1G03060,AT5G41060
AT1G03060,AT1G03750,AT1G80160,AT3G59845,AT1G03220,AT5G50020
AT1G03980,AT1G04150,AT3G15470,AT5G16960,AT1G04300,AT4G10750
AT1G04160,AT1G04230,AT5G54200,AT5G16970,AT1G04730,AT4G24080
AT1G04390,AT1G04560,AT2G32230,AT5G16980,AT1G05120,AT3G12530
AT1G04580,AT1G05380,AT5G14260,AT5G16990,AT1G05460,AT3G26115
AT1G04820,AT1G05460,AT3G01780,AT5G17000,AT1G05500,AT2G37840
AT1G05410,AT1G05850,AT2G01905,AT5G37940,AT1G05590,AT3G53930
AT1G05460,AT1G06340,AT4G34830,AT5G37980,AT1G05630,AT3G61960
AT1G05850,AT1G06440,AT1G12070,AT5G38000,AT1G05720,AT1G79190
AT1G07750,AT1G06840,AT1G62450,AT1G24706,AT1G05830,AT1G44446
AT1G07990,AT1G07570,AT3G07880,AT3G04550,AT1G06750,AT1G08420
AT1G08420,AT1G07590,AT5G02310,AT5G28500,AT1G06820,AT2G27210
AT1G08600,AT1G07670,AT1G73875,AT2G17820,AT1G07010,AT4G03080
AT1G08630,AT1G07990,AT1G19230,AT1G35530,AT1G07220,AT5G22370
AT1G08730,AT1G08125,AT1G64060,AT2G33730,AT1G08500,AT3G04970
AT1G09420,AT1G08200,AT4G11230,AT5G63870,AT1G08600,AT2G19690
AT1G10417,AT1G08420,AT5G47690,AT1G34050,AT1G08840,AT4G29460
AT1G10450,AT1G08630,AT2G18040,AT5G50140,AT1G10170,AT4G29470
AT1G10600,AT1G08840,AT2G04400,AT5G54700,AT1G10570,AT2G40840
AT1G10700,AT1G09000,AT5G48220,AT5G54710,AT1G10780,AT4G01650
AT1G11100,AT1G09020,AT1G16800,AT2G37030,AT1G10890,AT1G12030
AT1G11180,AT1G09680,AT1G01450,AT3G43120,AT1G11050,AT1G62420
AT1G11200,AT1G09900,AT1G64300,AT3G53250,AT1G11680,AT1G77145
AT1G11620,AT1G09970,AT5G41730,AT5G03310,AT1G11790,AT1G77160
AT1G11915,AT1G10000,AT2G41790,AT4G10930,AT1G11950,AT2G38820
AT1G12000,AT1G10170,AT3G57470,AT5G15330,AT1G12000,AT2G39650
AT1G12330,AT1G10180,AT5G53020,AT5G53150,AT1G12110,AT3G07350
AT1G12350,AT1G10210,AT1G08420,AT3G51240,AT1G12350,AT3G22970
AT1G12775,AT1G11180,AT2G27210,AT1G76630,AT1G12580,AT3G25240
AT1G12840,AT1G11200,AT1G22270,AT3G28990,AT1G12980,AT3G54550
AT1G12845,AT1G11280,AT1G78190,AT3G55240,AT1G13120,AT4G14620
AT1G13040,AT1G11290,AT5G35930,AT5G02580,AT1G13810,AT4G32480
AT1G13200,AT1G11720,AT4G09140,AT1G19460,AT1G14080,AT2G35630
AT1G13220,AT1G11820,AT1G37130,AT1G19470,AT1G14240,AT2G30320
AT1G13420,AT1G12150,AT1G77760,AT1G60570,AT1G14340,AT1G10870
AT1G13570,AT1G12210,AT2G24820,AT1G61540,AT1G15440,AT1G60860
AT1G13680,AT1G12220,AT3G61980,AT2G21680,AT1G15740,AT5G13300
AT1G14330,AT1G12350,AT4G01575,AT2G29600,AT1G17560,AT5G61980
AT1G14750,AT1G12680,AT1G24706,AT2G29770,AT1G17580,AT2G20190
AT1G14770,AT1G12800,AT1G10700,AT2G29780,AT1G18260,AT3G51270
AT1G14850,AT1G12890,AT4G10180,AT2G29800,AT1G19025,AT1G67120
AT1G14920,AT1G13030,AT1G09020,AT2G29810,AT1G19260,AT5G60040
AT1G15125,AT1G13130,AT5G15710,AT2G29820,AT1G20120,AT2G01470
AT1G15330,AT1G13260,AT2G21320,AT2G29830,AT1G20650,AT3G52190
AT1G16760,AT1G13570,AT4G38960,AT2G29860,AT1G20760,AT5G50550
AT1G17270,AT1G14130,AT3G05940,AT3G10510,AT1G20920,AT5G50650
AT1G17430,AT1G14780,AT5G26740,AT3G27910,AT1G20960,AT1G48650
AT1G17540,AT1G14790,AT2G20000,AT3G43710,AT1G21280,AT2G01130
AT1G17615,AT1G14850,AT5G52800,AT3G46050,AT1G21410,AT2G35920
AT1G17850,AT1G15360,AT2G26610,AT4G14905,AT1G21590,AT5G04895
AT1G17930,AT1G15510,AT3G33530,AT4G19865,AT1G22060,AT2G02560
AT1G18740,AT1G15910,AT1G10210,AT4G19870,AT1G22275,AT3G19180
AT1G19090,AT1G16650,AT1G59580,AT4G29370,AT1G23360,AT3G55800
AT1G19160,AT1G16760,AT2G18170,AT4G33900,AT1G24460,AT5G48300
AT1G19850,AT1G16950,AT4G36450,AT4G35120,AT1G25540,AT1G04820
AT1G20550,AT1G17220,AT2G24590,AT4G38940,AT1G26330,AT1G50010
AT1G20570,AT1G17270,AT4G31580,AT4G39290,AT1G27180,AT4G14960
AT1G20640,AT1G17450,AT5G49810,AT4G39560,AT1G27320,AT5G19770
AT1G21270,AT1G18090,AT1G12350,AT4G39570,AT1G27410,AT5G19780
AT1G21450,AT1G18170,AT5G02080,AT4G39590,AT1G28210,AT1G28100
AT1G21980,AT1G18390,AT1G68560,AT4G39756,AT1G29480,AT1G05570
AT1G21990,AT1G18550,AT3G45940,AT4G39760,AT1G30240,AT1G06490
AT1G22010,AT1G18580,AT4G32920,AT5G03000,AT1G31360,AT2G13680
AT1G22170,AT1G19090,AT5G11700,AT5G38680,AT1G32810,AT2G31960
AT1G22260,AT1G19870,AT1G72050,AT5G39560,AT1G33350,AT2G36850
AT1G22270,AT1G20140,AT5G23450,AT5G48980,AT1G33400,AT3G07160
AT1G22275,AT1G20340,AT1G76130,AT1G14680,AT1G34040,AT3G14570
AT1G22630,AT1G20370,AT2G32800,AT4G09060,AT1G34140,AT3G59100
AT1G22770,AT1G20570,AT4G04880,AT1G55140,AT1G36030,AT4G03550
AT1G22860,AT1G20980,AT5G56890,AT3G13740,AT1G36070,AT4G04970
AT1G23070,AT1G21050,AT5G37850,AT1G52160,AT1G38065,AT5G13000
AT1G23320,AT1G21450,AT2G18876,AT3G16260,AT1G42440,AT5G36870
AT1G23450,AT1G21580,AT5G57410,AT2G40030,AT1G44446,AT1G77680
AT1G24130,AT1G21700,AT3G24120,AT4G08960,AT1G45332,AT4G12790
AT1G24150,AT1G22130,AT4G13640,AT5G14780,AT1G47056,AT4G01860
AT1G24160,AT1G22270,AT3G55200,AT1G12350,AT1G48410,AT4G01560
AT1G24190,AT1G22360,AT3G55220,AT5G02080,AT1G49190,AT2G05230
AT1G24330,AT1G22640,AT1G58250,AT2G41770,AT1G49520,AT2G05250
AT1G24420,AT1G22870,AT5G49680,AT3G57420,AT1G49720,AT2G25560
AT1G24440,AT1G22980,AT2G20860,AT2G44150,AT1G49880,AT3G06340
AT1G24530,AT1G23010,AT5G11900,AT3G59960,AT1G50010,AT5G18740
AT1G24610,AT1G23390,AT1G04820,AT2G28780,AT1G50030,AT5G18750
AT1G24706,AT1G23760,AT1G50010,AT3G09450,AT1G50575,AT5G27240
AT1G25480,AT1G23770,AT4G14960,AT1G48360,AT1G50590,AT5G53150
AT1G26560,AT1G24130,AT3G25950,AT5G24260,AT1G50840,AT5G41210
AT1G26570,AT1G24190,AT3G27270,AT4G32720,AT1G51310,AT5G10720
AT1G26680,AT1G24460,AT5G14285,AT1G27340,AT1G51350,AT5G19530
AT1G26810,AT1G24590,AT2G35500,AT5G63290,AT1G52080,AT3G10960
AT1G26850,AT1G25390,AT3G47740,AT3G20740,AT1G53210,AT5G50300
AT1G26930,AT1G25580,AT3G47750,AT5G58510,AT1G55000,AT4G15570
AT1G27180,AT1G26360,AT3G47760,AT1G65985,AT1G55150,AT1G05360
AT1G27340,AT1G26620,AT3G47770,AT1G67150,AT1G55850,AT4G14950
AT1G27620,AT1G26850,AT3G47780,AT2G28580,AT1G55870,AT4G36630
AT1G27850,AT1G27170,AT3G47790,AT2G44930,AT1G56120,AT1G27440
AT1G27910,AT1G27180,AT5G61700,AT3G60470,AT1G56310,AT2G28110
AT1G28180,AT1G27510,AT5G61740,AT4G31980,AT1G56590,AT5G22940
AT1G29940,AT1G27620,AT5G04620,AT5G11290,AT1G58370,AT5G61840
AT1G30090,AT1G27750,AT2G04030,AT3G09660,AT1G59660,AT1G79250
AT1G30240,AT1G27980,AT2G33630,AT1G27170,AT1G59850,AT2G36350
AT1G30470,AT1G28320,AT1G01560,AT1G27180,AT1G60400,AT3G27580
AT1G31480,AT1G28440,AT4G01370,AT1G31540,AT1G60690,AT3G52890
AT1G31690,AT1G29290,AT1G54170,AT1G56510,AT1G60783,AT4G26610
AT1G31790,AT1G29320,AT3G14010,AT1G56520,AT1G61030,AT5G03640
AT1G31820,AT1G29530,AT5G15680,AT1G56540,AT1G61350,AT5G55910
AT1G32050,AT1G30090,AT1G17220,AT1G63730,AT1G61620,AT1G17290
AT1G32120,AT1G30210,AT3G11540,AT1G63740,AT1G64780,AT1G72330
AT1G32920,AT1G30220,AT2G43490,AT1G63750,AT1G65470,AT4G29380
AT1G32928,AT1G30910,AT3G59570,AT1G63860,AT1G65810,AT2G19640
AT1G33420,AT1G31480,AT4G16340,AT1G63870,AT1G65990,AT1G71350
AT1G34070,AT1G31860,AT2G01220,AT1G63880,AT1G66320,AT3G23920
AT1G34355,AT1G32340,AT3G27610,AT1G64070,AT1G66510,AT4G17090
AT1G35250,AT1G32583,AT2G42790,AT1G65850,AT1G66520,AT2G35720
AT1G35610,AT1G32920,AT3G58750,AT1G69550,AT1G67120,AT1G31730
AT1G35660,AT1G32928,AT2G39080,AT2G14080,AT1G67340,AT5G41150
AT1G35670,AT1G34300,AT1G16520,AT2G16870,AT1G67480,AT4G38600
AT1G36030,AT1G34360,AT1G56080,AT3G04220,AT1G67660,AT1G47830
AT1G36970,AT1G34670,AT1G09300,AT3G25505,AT1G68630,AT1G78280
AT1G42440,AT1G35160,AT2G30110,AT3G25510,AT1G68710,AT5G11450
AT1G43245,AT1G35290,AT5G06460,AT3G44400,AT1G69523,AT4G35520
AT1G43630,AT1G35660,AT2G36310,AT3G44480,AT1G69526,AT1G09940
AT1G43690,AT1G36180,AT2G37040,AT3G44630,AT1G69770,AT1G58290
AT1G44050,AT1G42470,AT3G10340,AT3G44670,AT1G70210,AT2G31250
AT1G44446,AT1G44446,AT3G53260,AT4G08450,AT1G70390,AT1G49820
AT1G47340,AT1G44780,AT5G04230,AT4G11170,AT1G71270,AT1G26570
AT1G47350,AT1G47580,AT2G38620,AT4G12010,AT1G71960,AT3G29360
AT1G47390,AT1G48720,AT3G54180,AT4G14370,AT1G72050,AT5G15490
AT1G47610,AT1G48850,AT1G36160,AT4G16860,AT1G72320,AT5G39320
AT1G47900,AT1G49340,AT1G36180,AT4G16890,AT1G72480,AT2G20860
AT1G47920,AT1G49490,AT3G23160,AT4G16900,AT1G72550,AT1G74260
AT1G48400,AT1G49770,AT2G40950,AT4G16920,AT1G72570,AT2G38620
AT1G48490,AT1G50010,AT3G10800,AT4G16940,AT1G73470,AT3G54180
AT1G48760,AT1G50030,AT3G56660,AT4G16950,AT1G73970,AT3G55200
AT1G48820,AT1G50240,AT1G63730,AT4G16960,AT1G74150,AT3G55220
AT1G49010,AT1G50600,AT1G65850,AT5G11250,AT1G74350,AT3G53570
AT1G49580,AT1G50840,AT1G69550,AT5G17680,AT1G74530,AT4G24740
AT1G50010,AT1G51130,AT2G14080,AT5G17970,AT1G74870,AT4G32660
AT1G50180,AT1G51965,AT3G04220,AT5G18350,AT1G75040,AT2G30110
AT1G50190,AT1G52190,AT3G25505,AT5G18360,AT1G75200,AT5G06460
AT1G50600,AT1G52540,AT3G25510,AT5G18370,AT1G75850,AT5G19620
AT1G50610,AT1G52570,AT3G44400,AT5G22690,AT1G76590,AT3G57630
AT1G50780,AT1G52780,AT3G44480,AT5G36930,AT1G77230,AT4G33760
AT1G50970,AT1G52900,AT3G44630,AT5G38340,AT1G77740,AT1G14850
AT1G51710,AT1G53230,AT3G44670,AT5G38850,AT1G77810,AT1G67890
AT1G51965,AT1G53310,AT4G08450,AT5G40910,AT1G78190,AT3G06620
AT1G52160,AT1G54060,AT4G11170,AT5G41540,AT1G78510,AT3G06630
AT1G52430,AT1G54100,AT4G14370,AT5G41550,AT1G80410,AT3G06640
AT1G52450,AT1G54560,AT4G16860,AT5G41740,AT1G80550,AT5G49470
AT1G52950,AT1G54570,AT4G16890,AT5G41750,AT2G01120,AT3G04490
AT1G53330,AT1G55150,AT4G16920,AT5G44510,AT2G01190,AT4G02030
AT1G53340,AT1G55270,AT4G16950,AT5G46260,AT2G02370,AT3G02320
AT1G53430,AT1G55325,AT5G11250,AT5G46270,AT2G03220,AT5G15810
AT1G53490,AT1G55740,AT5G17680,AT5G46450,AT2G03370,AT1G08630
AT1G53770,AT1G55860,AT5G17970,AT5G46470,AT2G03430,AT3G04520
AT1G54160,AT1G56380,AT5G18350,AT5G46510,AT2G03667,AT3G06540
AT1G54490,AT1G56560,AT5G18360,AT5G46520,AT2G03820,AT3G19210
AT1G54820,AT1G56670,AT5G18370,AT5G49140,AT2G04300,AT3G19720
AT1G55440,AT1G58230,AT5G38340,AT5G51630,AT2G04560,AT2G44160
AT1G55690,AT1G58250,AT5G40910,AT5G58120,AT2G07360,AT3G59970
AT1G55700,AT1G58400,AT5G41540,AT2G36430,AT2G07680,AT1G66590
AT1G55840,AT1G58602,AT5G41550,AT3G44710,AT2G13370,AT1G69750
AT1G55860,AT1G59218,AT5G41750,AT3G47200,AT2G13540,AT4G12620
AT1G56290,AT1G59590,AT5G44510,AT3G47210,AT2G13680,AT4G14700
AT1G56310,AT1G60090,AT5G46450,AT3G47250,AT2G17900,AT3G02020
AT1G56510,AT1G60420,AT5G46470,AT3G50120,AT2G17930,AT5G13280
AT1G56520,AT1G60460,AT5G49140,AT3G50130,AT2G18790,AT5G14060
AT1G56540,AT1G60490,AT5G51630,AT3G50140,AT2G18850,AT4G30990
AT1G57570,AT1G61110,AT5G58120,AT3G50150,AT2G19410,AT1G04420
AT1G57620,AT1G61180,AT3G19190,AT3G50160,AT2G19920,AT5G57040
AT1G57820,AT1G61290,AT2G01860,AT3G50170,AT2G20410,AT5G40820
AT1G58060,AT1G61300,AT1G63470,AT3G50180,AT2G20790,AT4G18465
AT1G58250,AT1G61480,AT2G45850,AT3G50190,AT2G20860,AT4G21770
AT1G58390,AT1G61560,AT3G61310,AT5G22540,AT2G21790,AT3G46960
AT1G59760,AT1G61620,AT1G52660,AT5G22550,AT2G22010,AT5G42480
AT1G59890,AT1G61670,AT3G15700,AT5G22560,AT2G22870,AT5G60600
AT1G60140,AT1G62190,AT1G26840,AT2G04400,AT2G23800,AT4G27640
AT1G60250,AT1G62990,AT4G28620,AT5G48220,AT2G24420,AT2G44140
AT1G60490,AT1G63130,AT4G28630,AT5G53340,AT2G24790,AT3G59950
AT1G60860,AT1G63300,AT5G58270,AT5G23880,AT2G24820,AT1G22270
AT1G61060,AT1G63490,AT5G63290,AT5G24810,AT2G25320,AT1G78190
AT1G61460,AT1G63690,AT2G47400,AT5G22510,AT2G25360,AT2G41220
AT1G62310,AT1G63700,AT3G62410,AT1G24190,AT2G25490,AT5G04140
AT1G62420,AT1G63850,AT1G29320,AT1G70060,AT2G26610,AT2G42030
AT1G63210,AT1G63900,AT2G46220,AT4G32920,AT2G27590,AT2G44410
AT1G63250,AT1G64060,AT1G74960,AT5G11700,AT2G27940,AT3G58030
AT1G63350,AT1G64260,AT1G20960,AT1G22270,AT2G28420,AT2G22010
AT1G63490,AT1G64740,AT2G42270,AT1G78190,AT2G28550,AT3G04600
AT1G63730,AT1G64810,AT3G05090,AT1G33410,AT2G29570,AT2G47330
AT1G63740,AT1G64960,AT1G06920,AT3G55200,AT2G29820,AT1G08840
AT1G63810,AT1G65010,AT2G30400,AT3G55220,AT2G30320,AT1G16760
AT1G63850,AT1G65150,AT5G58360,AT5G57500,AT2G32000,AT1G17540
AT1G63870,AT1G65470,AT2G30780,AT2G35630,AT2G32510,AT1G72760
AT1G64200,AT1G65810,AT2G48000,AT2G26780,AT2G33270,AT1G78940
AT1G64280,AT1G65840,AT1G28090,AT3G52030,AT2G33730,AT2G07020
AT1G64310,AT1G65850,AT3G48830,AT2G21420,AT2G34560,AT2G19410
AT1G64320,AT1G66250,AT5G23690,AT2G25360,AT2G34680,AT2G24370
AT1G64405,AT1G66800,AT2G25940,AT2G25370,AT2G34920,AT3G20200
AT1G64500,AT1G66880,AT4G32940,AT2G26130,AT2G35050,AT4G25160
AT1G64540,AT1G66950,AT5G67290,AT2G26135,AT2G35110,AT4G31230
AT1G64740,AT1G67100,AT1G55140,AT3G43750,AT2G35630,AT5G12000
AT1G65010,AT1G67120,AT3G13740,AT3G45580,AT2G35920,AT5G26150
AT1G65110,AT1G67480,AT5G57500,AT5G37560,AT2G36490,AT5G35380
AT1G65120,AT1G67500,AT5G38530,AT5G60250,AT2G37760,AT5G51270
AT1G65180,AT1G67510,AT1G32750,AT2G17930,AT2G38490,AT5G57035
AT1G65440,AT1G67660,AT3G19040,AT4G36080,AT2G38560,AT5G61550
AT1G65470,AT1G67720,AT1G67440,AT3G10420,AT2G38770,AT5G61560
AT1G65730,AT1G67790,AT5G03555,AT5G04620,AT2G39090,AT3G55410
AT1G65810,AT1G67900,AT3G61480,AT3G08800,AT2G39580,AT5G65750
AT1G66040,AT1G68740,AT5G28350,AT2G40840,AT2G39770,AT2G01250
AT1G66050,AT1G68750,AT1G08600,AT4G26020,AT2G39780,AT2G44120
AT1G66090,AT1G69310,AT1G12330,AT4G02570,AT2G39880,AT3G13580
AT1G66350,AT1G69550,AT5G12900,AT1G72550,AT2G40050,AT4G34890
AT1G66730,AT1G70060,AT2G24500,AT3G27730,AT2G40490,AT4G34900
AT1G66930,AT1G70070,AT4G31420,AT5G57610,AT2G40770,AT1G20890
AT1G67000,AT1G70210,AT1G64200,AT2G20860,AT2G40840,AT1G76480
AT1G67100,AT1G70500,AT3G08560,AT3G01720,AT2G40930,AT3G19640
AT1G67120,AT1G70520,AT4G11150,AT4G34890,AT2G41020,AT1G50900
AT1G67140,AT1G70740,AT1G52160,AT4G34900,AT2G41630,AT2G22480
AT1G67270,AT1G70890,AT3G16260,AT5G13300,AT2G41640,AT3G56040
AT1G67310,AT1G71210,AT5G18700,AT5G61980,AT2G42220,AT5G15770
AT1G67510,AT1G71440,AT3G27325,AT1G63100,AT2G42320,AT5G51660
AT1G67660,AT1G71480,AT1G12930,AT2G37040,AT2G42620,AT5G51200
AT1G68090,AT1G71697,AT1G13980,AT3G10340,AT2G42670,AT1G31780
AT1G68600,AT1G71720,AT1G61620,AT3G53260,AT2G42910,AT3G17712
AT1G68720,AT1G72060,AT4G03560,AT5G04230,AT2G44900,AT3G17740
AT1G68750,AT1G72190,AT3G03960,AT2G31660,AT2G45060,AT1G54370
AT1G68780,AT1G72270,AT3G43240,AT3G59020,AT2G45160,AT1G79610
AT1G69150,AT1G72280,AT1G70210,AT1G20200,AT2G45300,AT2G04400
AT1G70060,AT1G72360,AT1G51310,AT1G75990,AT2G45460,AT5G48220
AT1G70110,AT1G72410,AT3G09850,AT3G01060,AT2G45540,AT1G74920
AT1G70140,AT1G72470,AT5G63870,AT2G21770,AT2G45620,AT3G48170
AT1G70210,AT1G72550,AT1G80420,AT4G39350,AT2G45910,AT5G04900
AT1G70320,AT1G72840,AT2G42910,AT5G09870,AT2G46020,AT1G57600
AT1G70910,AT1G73066,AT2G35630,AT5G64740,AT2G46260,AT1G67110
AT1G71240,AT1G73340,AT2G30860,AT2G31240,AT2G46270,AT1G75130
AT1G71440,AT1G73660,AT2G30870,AT1G72270,AT2G46700,AT2G26710
AT1G71760,AT1G73970,AT2G17410,AT4G27010,AT2G47990,AT2G46950
AT1G72280,AT1G74120,AT1G01510,AT1G72190,AT3G01910,AT2G46960
AT1G72550,AT1G74320,AT2G40840,AT1G01560,AT3G02020,AT3G14610
AT1G72760,AT1G74930,AT5G24740,AT2G46070,AT3G02260,AT3G14620
AT1G73450,AT1G74960,AT3G44890,AT4G01370,AT3G02320,AT3G14630
AT1G73460,AT1G75010,AT1G67140,AT5G13680,AT3G02460,AT3G14640
AT1G73875,AT1G75250,AT1G02780,AT3G05090,AT3G03040,AT3G14650
AT1G74120,AT1G75450,AT3G16780,AT1G14330,AT3G04250,AT3G14660
AT1G74450,AT1G75540,AT4G02230,AT1G26930,AT3G05390,AT3G14680
AT1G74510,AT1G75720,AT4G12340,AT1G74510,AT3G05940,AT3G14690
AT1G75310,AT1G76490,AT3G27190,AT2G02870,AT3G07530,AT4G27710
AT1G75450,AT1G76990,AT5G40870,AT5G60570,AT3G07610,AT5G24900
AT1G75730,AT1G77210,AT2G19620,AT5G06120,AT3G07700,AT5G24910
AT1G75850,AT1G77280,AT5G11790,AT5G17290,AT3G07890,AT5G38450
AT1G76270,AT1G77405,AT5G56750,AT1G73710,AT3G08010,AT5G52400
AT1G76360,AT1G77460,AT2G25540,AT1G22770,AT3G10010,AT2G03820
AT1G76390,AT1G77620,AT4G32410,AT3G56230,AT3G10040,AT1G48360
AT1G77145,AT1G77840,AT5G17420,AT1G21651,AT3G10180,AT3G05000
AT1G77160,AT1G78280,AT1G30240,AT3G11540,AT3G10840,AT1G55000
AT1G77220,AT1G78620,AT2G31530,AT4G01860,AT3G10970,AT4G11720
AT1G77300,AT1G78830,AT2G21170,AT5G55060,AT3G11130,AT5G27740
AT1G77600,AT1G78860,AT5G14780,AT5G51660,AT3G11330,AT5G58100
AT1G77620,AT1G78910,AT1G03060,AT2G45980,AT3G11540,AT5G10070
AT1G77682,AT1G79190,AT4G02660,AT4G00355,AT3G11920,AT5G15680
AT1G77740,AT1G79220,AT4G26170,AT2G41220,AT3G12290,AT5G26570
AT1G78190,AT1G79270,AT5G56780,AT5G04140,AT3G12590,AT2G14120
AT1G78280,AT1G79480,AT1G07747,AT5G63860,AT3G13050,AT4G33650
AT1G78730,AT1G79560,AT1G43665,AT4G04880,AT3G13980,AT2G32000
AT1G78910,AT1G79620,AT1G43666,AT2G48060,AT3G14330,AT1G22410
AT1G78940,AT1G79640,AT1G43667,AT1G31190,AT3G14595,AT4G33510
AT1G78960,AT1G79740,AT1G48750,AT1G02890,AT3G14650,AT4G39980
AT1G78970,AT1G79870,AT1G66850,AT4G02480,AT3G15355,
AT1G79050,AT1G79890,AT1G73780,AT4G38360,AT3G15380,
AT1G79350,AT1G80220,AT2G14846,AT2G20410,AT3G15430,
AT1G79640,AT1G80300,AT2G16592,AT5G40820,AT3G15880,
AT1G79810,AT1G80410,AT3G18280,AT1G55350,AT3G16030,
AT1G79910,AT1G80710,AT3G57310,AT2G21320,AT3G16260,
AT1G80260,AT1G80840,AT4G12825,AT4G38960,AT3G16270,
AT1G80550,AT2G01190,AT5G38160,AT4G30510,AT3G16600,
AT1G80680,AT2G01275,AT5G38170,AT2G32800,AT3G17450,
AT1G80740,AT2G01680,AT5G38180,AT5G67030,AT3G17840,
AT2G01440,AT2G01980,AT5G38195,AT2G38150,AT3G17850,
AT2G02280,AT2G02000,AT5G38197,AT3G09020,AT3G18524,
AT2G02610,AT2G02010,AT3G54460,AT5G01250,AT3G18940,
AT2G02620,AT2G02040,AT5G22510,AT4G21150,AT3G19020,
AT2G02630,AT2G02450,AT4G02570,AT2G17520,AT3G19050,
AT2G02640,AT2G02480,AT5G03280,AT5G24360,AT3G19180,
AT2G02680,AT2G02955,AT5G24810,AT3G19050,AT3G19210,
AT2G02870,AT2G03200,AT5G42390,AT1G61620,AT3G19430,
AT2G03000,AT2G03820,AT1G15140,AT1G09870,AT3G20720,
AT2G03010,AT2G03980,AT3G54290,AT1G06900,AT3G21175,
AT2G03670,AT2G04030,AT1G53390,AT5G47010,AT3G21540,
AT2G04030,AT2G04300,AT2G37010,AT5G25760,AT3G23900,
AT2G04080,AT2G07020,AT5G60740,AT2G24820,AT3G23990,
AT2G04230,AT2G07680,AT3G14900,AT2G22490,AT3G24530,
AT2G04400,AT2G09990,AT3G55360,AT5G65420,AT3G24550,
AT2G04620,AT2G12646,AT5G20040,AT5G22010,AT3G27050,
AT2G04680,AT2G13450,AT5G19770,AT1G63490,AT3G27730,
AT2G04865,AT2G13690,AT5G19780,AT3G24140,AT3G28700,
AT2G05120,AT2G13840,AT3G19210,AT5G53210,AT3G28720,
AT2G07020,AT2G14080,AT4G15840,AT4G24670,AT3G28880,
AT2G07040,AT2G14170,AT5G21222,AT3G12270,AT3G29090,
AT2G07680,AT2G14830,AT5G25630,AT1G68750,AT3G30390,
AT2G07732,AT2G15230,AT2G42150,AT1G67120,AT3G43600,
AT2G07750,AT2G15620,AT2G44430,AT4G36440,AT3G43610,
AT2G07787,AT2G15900,AT3G57980,AT3G50090,AT3G44716,
AT2G11010,AT2G16250,AT3G60110,AT3G50100,AT3G45243,
AT2G11015,AT2G16650,AT1G75850,AT5G05540,AT3G46510,
AT2G13540,AT2G16800,AT5G10070,AT5G67240,AT3G46870,
AT2G13840,AT2G17040,AT2G41770,AT1G01480,AT3G48170,
AT2G13900,AT2G17110,AT3G57420,AT2G22810,AT3G49600,
AT2G13950,AT2G17160,AT2G17930,AT3G49700,AT3G50670,
AT2G14830,AT2G17370,AT4G36080,AT3G61510,AT3G51250,
AT2G15050,AT2G17420,AT3G16290,AT4G08040,AT3G51770,
AT2G15420,AT2G17930,AT3G10670,AT4G11280,AT3G51840,
AT2G15900,AT2G18010,AT5G65950,AT4G26200,AT3G52200,
AT2G16070,AT2G18220,AT5G57590,AT4G37770,AT3G52610,
AT2G16210,AT2G18670,AT2G31740,AT5G65800,AT3G52930,
AT2G16390,AT2G18730,AT3G53540,AT4G30930,AT3G53690,
AT2G16650,AT2G19090,AT2G22570,AT1G79310,AT3G54180,
AT2G16720,AT2G19110,AT3G08840,AT1G79320,AT3G54250,
AT2G16870,AT2G19130,AT2G40435,AT1G79330,AT3G54460,
AT2G17090,AT2G19520,AT3G56220,AT1G79340,AT3G55200,
AT2G17370,AT2G19710,AT1G66620,AT1G67630,AT3G55940,
AT2G17470,AT2G20300,AT1G66630,AT2G42220,AT3G56760,
AT2G17520,AT2G20330,AT1G66650,AT1G49880,AT3G57060,
AT2G17790,AT2G20360,AT1G66660,AT2G31400,AT3G57620,
AT2G18730,AT2G20750,AT5G37870,AT5G48740,AT3G57660,
AT2G18880,AT2G20850,AT5G37890,AT1G35660,AT3G58090,
AT2G19000,AT2G20860,AT5G37910,AT3G43230,AT3G58610,
AT2G19190,AT2G21195,AT5G37930,AT3G03610,AT3G59020,
AT2G19260,AT2G21220,AT5G62800,AT1G23460,AT3G59510,
AT2G19410,AT2G21410,AT2G43800,AT1G70500,AT3G59960,
AT2G19650,AT2G21710,AT3G25500,AT4G08990,AT3G60070,
AT2G19660,AT2G22125,AT5G67470,AT4G13610,AT3G60850,
AT2G19850,AT2G22250,AT1G19270,AT4G14140,AT3G61230,
AT2G19920,AT2G22300,AT2G39830,AT5G49160,AT3G61320,
AT2G19930,AT2G22420,AT4G36860,AT4G24830,AT3G63060,
AT2G20000,AT2G23420,AT1G22490,AT3G20320,AT3G63520,
AT2G20110,AT2G23520,AT1G72210,AT1G79050,AT4G00380,
AT2G20142,AT2G24130,AT3G06120,AT2G20110,AT4G01280,
AT2G20330,AT2G24370,AT4G01460,AT4G29000,AT4G01370,
AT2G20380,AT2G24500,AT5G46690,AT3G06150,AT4G02010,
AT2G20860,AT2G24820,AT5G65320,AT5G19060,AT4G02110,
AT2G21185,AT2G24940,AT1G18560,AT5G02830,AT4G02570,
AT2G21380,AT2G25730,AT3G42170,AT2G26610,AT4G03200,
AT2G21840,AT2G25930,AT2G47410,AT3G33530,AT4G03360,
AT2G22010,AT2G26200,AT5G49430,AT3G55440,AT4G04880,
AT2G22300,AT2G26490,AT3G43300,AT3G06530,AT4G04910,
AT2G22490,AT2G26730,AT3G09110,AT2G16390,AT4G05160,
AT2G22650,AT2G27120,AT3G09120,AT2G21450,AT4G05420,
AT2G22970,AT2G27470,AT3G09140,AT4G04770,AT4G09340,
AT2G23050,AT2G27490,AT5G01130,AT4G25540,AT4G10790,
AT2G23060,AT2G27610,AT5G01150,AT1G20960,AT4G11150,
AT2G23230,AT2G27900,AT1G35780,AT2G42270,AT4G11550,
AT2G24050,AT2G27920,AT1G78150,AT5G48385,AT4G12570,
AT2G24150,AT2G28100,AT2G22270,AT1G07540,AT4G13230,
AT2G24370,AT2G28250,AT4G39860,AT3G12560,AT4G14670,
AT2G24500,AT2G28990,AT1G72550,AT3G46590,AT4G14700,
AT2G24590,AT2G29350,AT3G55210,AT2G41720,AT4G14760,
AT2G24617,AT2G29380,AT3G56530,AT1G05990,AT4G14770,
AT2G24820,AT2G30110,AT5G39690,AT2G43290,AT4G15200,
AT2G25010,AT2G30940,AT3G54220,AT3G07490,AT4G15475,
AT2G25170,AT2G31410,AT1G06040,AT3G59440,AT4G15570,
AT2G25360,AT2G31610,AT1G78600,AT4G03290,AT4G16050,
AT2G25490,AT2G31900,AT2G31380,AT4G12860,AT4G16310,
AT2G26030,AT2G32240,AT1G04580,AT1G64200,AT4G16570,
AT2G26130,AT2G32415,AT2G27150,AT3G08560,AT4G17180,
AT2G26420,AT2G32910,AT3G43600,AT4G11150,AT4G19390,
AT2G26710,AT2G33490,AT5G20960,AT3G08530,AT4G19850,
AT2G27090,AT2G34230,AT1G71720,AT3G11130,AT4G20400,
AT2G27150,AT2G34357,AT1G44446,AT2G26200,AT4G21160,
AT2G27210,AT2G34560,AT1G22930,AT5G15770,AT4G22250,
AT2G27630,AT2G35450,AT4G09150,AT4G01020,AT4G23660,
AT2G27980,AT2G35630,AT3G30390,AT5G10370,AT4G23710,
AT2G28180,AT2G35930,AT5G38820,AT1G03980,AT4G24090,
AT2G28360,AT2G36340,AT2G19120,AT5G44070,AT4G24520,
AT2G28620,AT2G36380,AT4G30100,AT2G27590,AT4G24730,
AT2G28680,AT2G36790,AT1G03457,AT1G56590,AT4G25000,
AT2G29680,AT2G36800,AT4G03110,AT5G67220,AT4G25120,
AT2G29930,AT2G36960,AT1G14920,AT2G27170,AT4G25230,
AT2G30110,AT2G37050,AT1G66350,AT4G28620,AT4G25790,
AT2G31500,AT2G37230,AT2G01570,AT4G28630,AT4G27520,
AT2G31660,AT2G37250,AT3G03450,AT5G58270,AT4G27640,
AT2G31740,AT2G37500,AT5G17490,AT4G30150,AT4G27800,
AT2G31800,AT2G37840,AT5G24680,AT1G17850,AT4G28010,
AT2G31900,AT2G38440,AT2G39650,AT2G25730,AT4G28080,
AT2G32560,AT2G38620,AT1G19835,AT5G63830,AT4G28130,
AT2G32990,AT2G38960,AT1G47900,AT1G09020,AT4G28190,
AT2G33435,AT2G39300,AT4G36120,AT1G05830,AT4G28630,
AT2G33500,AT2G39710,AT4G34890,AT2G31650,AT4G28670,
AT2G34220,AT2G39890,AT4G34900,AT5G46390,AT4G28770,
AT2G34230,AT2G40030,AT5G47010,AT5G49110,AT4G29000,
AT2G34240,AT2G40280,AT1G68570,AT1G28530,AT4G29380,
AT2G35075,AT2G40840,AT1G79620,AT1G10700,AT4G29520,
AT2G35210,AT2G41220,AT5G49760,AT3G57400,AT4G29920,
AT2G35280,AT2G41450,AT5G49770,AT5G52500,AT4G30074,
AT2G35345,AT2G41510,AT5G49780,AT5G51200,AT4G30150,
AT2G36080,AT2G41540,AT5G03860,AT2G47020,AT4G30580,
AT2G36660,AT2G41890,AT2G20110,AT4G30990,AT4G30690,
AT2G36695,AT2G42210,AT4G29000,AT1G11720,AT4G31370,
AT2G37500,AT2G42220,AT5G16260,AT3G08960,AT4G31670,
AT2G38620,AT2G42370,AT1G72200,AT3G16290,AT4G32060,
AT2G38830,AT2G42600,AT3G05200,AT1G18310,AT4G32500,
AT2G38840,AT2G42620,AT5G27420,AT5G15870,AT4G32730,
AT2G39190,AT2G42920,AT4G13750,AT1G27500,AT4G33200,
AT2G39480,AT2G43320,AT5G63040,AT3G27960,AT4G33600,
AT2G39830,AT2G43570,AT2G14170,AT4G10840,AT4G33945,
AT2G40320,AT2G44050,AT5G64930,AT2G45540,AT4G34830,
AT2G40840,AT2G44530,AT4G24940,AT1G25320,AT4G34890,
AT2G40955,AT2G44710,AT5G50580,AT1G66830,AT4G35450,
AT2G41220,AT2G44810,AT5G50680,AT2G01210,AT4G36195,
AT2G41510,AT2G45040,AT5G18410,AT1G14920,AT4G36480,
AT2G41700,AT2G45250,AT3G60740,AT1G66350,AT4G37560,
AT2G42220,AT2G45260,AT3G04960,AT2G01570,AT4G37930,
AT2G42270,AT2G45280,AT3G05110,AT3G03450,AT4G38120,
AT2G42290,AT2G45320,AT4G27980,AT5G17490,AT4G38350,
AT2G42395,AT2G45540,AT3G10405,AT1G77680,AT4G38360,
AT2G42470,AT2G45620,AT4G29420,AT1G08600,AT4G39420,
AT2G42480,AT2G46170,AT2G41720,AT3G54460,AT5G01660,
AT2G42730,AT2G46225,AT4G04910,AT3G10180,AT5G01770,
AT2G42910,AT2G46240,AT1G09070,AT4G02010,AT5G02290,
AT2G42930,AT2G46500,AT3G16510,AT1G63810,AT5G02720,
AT2G43220,AT2G46510,AT1G52855,AT5G21040,AT5G02860,
AT2G43371,AT2G47000,AT2G20835,AT4G32260,AT5G03610,
AT2G43465,AT2G47230,AT3G15534,AT5G13760,AT5G03650,
AT2G43700,AT2G47590,AT1G62400,AT3G23160,AT5G03980,
AT2G43990,AT3G01120,AT3G46930,AT1G04820,AT5G04010,
AT2G44070,AT3G01160,AT5G58950,AT1G50010,AT5G04140,
AT2G44400,AT3G01410,AT3G51420,AT4G14960,AT5G04640,
AT2G44670,AT3G02050,AT3G51430,AT5G57590,AT5G05170,
AT2G44750,AT3G02065,AT3G51440,AT1G14790,AT5G05660,
AT2G45080,AT3G02130,AT3G51450,AT2G15580,AT5G06100,
AT2G45350,AT3G02320,AT1G77680,AT1G15680,AT5G06460,
AT2G45460,AT3G02645,AT2G22120,AT1G49990,AT5G06600,
AT2G45620,AT3G02850,AT4G35790,AT3G23950,AT5G07820,
AT2G45870,AT3G02940,AT1G56500,AT3G23970,AT5G08180,
AT2G45910,AT3G03300,AT2G38840,AT3G26010,AT5G08340,
AT2G45970,AT3G03380,AT3G05680,AT3G28223,AT5G08500,
AT2G46020,AT3G04160,AT2G03820,AT3G28280,AT5G08630,
AT2G46070,AT3G04240,AT2G22450,AT3G28330,AT5G09590,
AT2G46270,AT3G04550,AT5G59750,AT4G22430,AT5G10070,
AT3G01320,AT3G04910,AT5G64300,AT4G27460,AT5G10490,
AT3G01460,AT3G05430,AT2G47350,AT5G53750,AT5G11700,
AT3G01600,AT3G05480,AT3G06660,AT4G14310,AT5G11980,
AT3G01820,AT3G06100,AT2G17180,AT1G23010,AT5G12010,
AT3G02300,AT3G06120,AT4G35280,AT1G71040,AT5G13060,
AT3G02470,AT3G06240,AT3G18940,AT3G01460,AT5G13300,
AT3G03260,AT3G06290,AT2G45620,AT4G31040,AT5G13800,
AT3G03570,AT3G06580,AT5G05660,AT5G19770,AT5G14780,
AT3G03580,AT3G06720,AT1G48490,AT5G19780,AT5G15020,
AT3G04520,AT3G06980,AT3G17850,AT2G03820,AT5G15270,
AT3G04710,AT3G07060,AT3G43590,AT3G11240,AT5G15450,
AT3G04850,AT3G07220,AT4G33540,AT5G05700,AT5G15540,
AT3G04900,AT3G07550,AT3G18524,AT5G22300,AT5G15680,
AT3G05720,AT3G08960,AT1G50600,AT2G04030,AT5G16210,
AT3G05910,AT3G09210,AT2G04890,AT2G45870,AT5G16480,
AT3G06530,AT3G09640,AT5G48150,AT3G61320,AT5G16890,
AT3G06790,AT3G09650,AT5G50850,AT5G61450,AT5G16930,
AT3G06880,AT3G09840,AT1G21410,AT2G38620,AT5G17100,
AT3G07290,AT3G09920,AT1G77000,AT3G54180,AT5G18610,
AT3G07330,AT3G10210,AT3G27300,AT3G03980,AT5G19620,
AT3G07530,AT3G10330,AT5G40760,AT3G04000,AT5G19660,
AT3G07570,AT3G10420,AT2G34357,AT4G13180,AT5G19680,
AT3G07610,AT3G10550,AT2G14750,AT5G18210,AT5G20660,
AT3G07770,AT3G10690,AT1G24290,AT3G25805,AT5G22260,
AT3G07940,AT3G10710,AT4G20850,AT5G65950,AT5G22750,
AT3G08530,AT3G11040,AT2G20800,AT5G18525,AT5G23050,
AT3G08560,AT3G11130,AT4G05020,AT2G25540,AT5G23340,
AT3G08770,AT3G11540,AT4G21490,AT4G32410,AT5G23430,
AT3G08800,AT3G11760,AT4G28220,AT1G29810,AT5G23880,
AT3G08960,AT3G11910,AT1G65680,AT1G11510,AT5G24350,
AT3G09190,AT3G11980,AT2G20750,AT1G44810,AT5G24430,
AT3G09270,AT3G12770,AT4G28250,AT1G61730,AT5G24450,
AT3G09360,AT3G13040,AT2G33730,AT1G66420,AT5G25050,
AT3G10180,AT3G13330,AT1G25440,AT2G01370,AT5G26580,
AT3G10480,AT3G13772,AT1G68520,AT4G00238,AT5G26594,
AT3G10510,AT3G13780,AT1G73870,AT4G00250,AT5G26742,
AT3G11130,AT3G13800,AT3G01460,AT4G00390,AT5G27000,
AT3G11385,AT3G13840,AT5G60410,AT4G00610,AT5G28030,
AT3G11390,AT3G13870,AT1G27750,AT4G01260,AT5G28780,
AT3G11402,AT3G14020,AT2G27170,AT4G25210,AT5G35210,
AT3G11540,AT3G14250,AT1G24190,AT5G18410,AT5G35330,
AT3G12500,AT3G14360,AT1G70060,AT1G29320,AT5G35900,
AT3G12630,AT3G14460,AT3G01320,AT3G20660,AT5G35930,
AT3G12940,AT3G15355,AT5G15020,AT2G14050,AT5G38280,
AT3G13000,AT3G15380,AT5G24330,AT2G47680,AT5G38640,
AT3G13280,AT3G16000,AT1G63680,AT4G27750,AT5G38840,
AT3G13890,AT3G16070,AT2G40116,AT1G16260,AT5G39400,
AT3G14160,AT3G16260,AT3G08510,AT1G21210,AT5G40050,
AT3G14270,AT3G16890,AT3G55940,AT1G21230,AT5G40820,
AT3G14470,AT3G17470,AT4G38530,AT1G21240,AT5G41480,
AT3G14570,AT3G17700,AT5G58670,AT1G21250,AT5G41580,
AT3G15550,AT3G17740,AT5G58690,AT1G21270,AT5G41900,
AT3G15720,AT3G17940,AT5G58700,AT1G79680,AT5G42600,
AT3G15730,AT3G18030,AT5G53770,AT3G25490,AT5G42620,
AT3G16260,AT3G18524,AT1G30560,AT1G05675,AT5G42770,
AT3G17300,AT3G18600,AT3G47420,AT1G05680,AT5G43070,
AT3G17670,AT3G18680,AT4G17550,AT1G22340,AT5G43940,
AT3G17850,AT3G18710,AT4G25220,AT1G22360,AT5G44070,
AT3G18050,AT3G18773,AT1G10910,AT1G22370,AT5G44180,
AT3G18090,AT3G18950,AT5G27395,AT1G22380,AT5G44800,
AT3G18310,AT3G19050,AT2G35155,AT1G22400,AT5G45180,
AT3G18440,AT3G19300,AT3G12950,AT1G78270,AT5G45360,
AT3G18500,AT3G19440,AT5G45030,AT2G28080,AT5G45390,
AT3G18680,AT3G19895,AT3G12590,AT2G31750,AT5G45900,
AT3G18940,AT3G20015,AT5G05130,AT2G36970,AT5G46010,
AT3G19100,AT3G20200,AT1G28320,AT2G43820,AT5G46070,
AT3G19210,AT3G21295,AT1G06330,AT2G43840,AT5G46910,
AT3G19340,AT3G21865,AT1G23000,AT3G11340,AT5G47010,
AT3G19990,AT3G22060,AT1G29100,AT3G21560,AT5G47820,
AT3G20150,AT3G22320,AT3G48970,AT3G46650,AT5G48770,
AT3G20190,AT3G22330,AT3G56891,AT3G46660,AT5G48930,
AT3G20260,AT3G22470,AT3G59390,AT3G46670,AT5G48960,
AT3G20740,AT3G22810,AT3G56230,AT3G46680,AT5G48980,
AT3G21210,AT3G22990,AT3G53090,AT3G46690,AT5G49270,
AT3G21280,AT3G23090,AT1G34040,AT3G46700,AT5G49430,
AT3G21480,AT3G23330,AT1G34060,AT3G46720,AT5G49680,
AT3G22440,AT3G23430,AT4G14310,AT3G55700,AT5G49730,
AT3G22870,AT3G23980,AT1G26700,AT3G55710,AT5G49850,
AT3G22940,AT3G24140,AT5G53760,AT4G15480,AT5G50450,
AT3G23710,AT3G24180,AT5G48385,AT4G15490,AT5G50770,
AT3G23780,AT3G24590,AT1G68090,AT4G15500,AT5G51200,
AT3G24140,AT3G24740,AT5G08650,AT5G05860,AT5G51270,
AT3G24340,AT3G24760,AT1G34370,AT5G05870,AT5G51660,
AT3G25590,AT3G25500,AT5G13420,AT5G05880,AT5G52030,
AT3G26550,AT3G25510,AT2G47300,AT5G05890,AT5G52290,
AT3G26600,AT3G25810,AT4G03100,AT5G05900,AT5G52450,
AT3G26790,AT3G26160,AT1G68990,AT5G38010,AT5G52800,
AT3G27150,AT3G26855,AT2G24120,AT5G38040,AT5G52960,
AT3G27350,AT3G27150,AT5G15700,AT5G59580,AT5G53090,
AT3G27440,AT3G27970,AT3G28670,AT5G59590,AT5G53970,
AT3G27490,AT3G28030,AT1G21850,AT2G37500,AT5G54370,
AT3G27530,AT3G28700,AT1G21860,AT5G65740,AT5G54590,
AT3G27640,AT3G29280,AT1G41830,AT1G17220,AT5G55020,
AT3G27670,AT3G33530,AT1G76160,AT3G06880,AT5G55080,
AT3G28223,AT3G43240,AT4G22010,AT5G22480,AT5G55250,
AT3G28270,AT3G43300,AT4G28090,AT5G37340,AT5G55390,
AT3G28430,AT3G43600,AT4G38420,AT1G52890,AT5G55500,
AT3G28860,AT3G43610,AT5G66920,AT1G77450,AT5G55540,
AT3G28880,AT3G43790,AT1G18070,AT2G24430,AT5G55560,
AT3G28925,AT3G43920,AT1G34320,AT3G15170,AT5G56220,
AT3G29340,AT3G44110,AT5G08660,AT3G18400,AT5G57160,
AT3G29720,AT3G44330,AT1G19110,AT5G09330,AT5G57380,
AT3G30430,AT3G44400,AT1G72500,AT5G13180,AT5G57390,
AT3G32052,AT3G44480,AT5G63960,AT5G46590,AT5G57960,
AT3G32090,AT3G44670,AT1G61520,AT5G53950,AT5G58270,
AT3G33530,AT3G44780,AT5G52200,AT5G64060,AT5G58330,
AT3G43120,AT3G45310,AT1G31480,AT5G63960,AT5G58710,
AT3G43290,AT3G45800,AT3G54280,AT5G11980,AT5G58770,
AT3G43300,AT3G45900,AT1G12210,AT1G67890,AT5G61450,
AT3G43590,AT3G46210,AT1G12220,AT3G06620,AT5G63540,
AT3G43600,AT3G46960,AT1G12280,AT3G06630,AT5G63960,
AT3G43890,AT3G47570,AT1G12290,AT3G06640,AT5G64050,
AT3G43920,AT3G47890,AT1G15890,AT5G49470,AT5G64270,
AT3G44180,AT3G47910,AT1G51480,AT2G43040,AT5G64500,
AT3G44260,AT3G48080,AT1G61180,AT3G61740,AT5G64550,
AT3G44610,AT3G48190,AT1G61190,AT4G27910,AT5G65110,
AT3G45190,AT3G48195,AT1G61300,AT5G53430,AT5G66120,
AT3G45460,AT3G48280,AT1G61310,AT2G39080,AT5G66740,
AT3G45470,AT3G48300,AT1G62630,AT1G10210,AT5G67100,
AT3G45480,AT3G48430,AT1G63350,AT1G59580,AT5G67340,
AT3G45510,AT3G48770,AT1G63360,AT2G18170,ATCG00040,
AT3G45577,AT3G49170,AT4G10780,AT4G36450,ATCG01070,
AT3G45780,AT3G49180,AT4G26090,AT5G09350,ATMG00510,
AT3G45850,AT3G49600,AT4G27190,AT5G64070,ATMG00860,
AT3G46100,AT3G49670,AT4G27220,AT5G58610,,
AT3G46800,AT3G50070,AT5G05400,AT3G11670,,
AT3G46810,AT3G50380,AT5G43730,AT2G38840,,
AT3G47090,AT3G50390,AT5G43740,AT5G09230,,
AT3G47150,AT3G50950,AT5G47250,AT3G59390,,
AT3G47290,AT3G51050,AT5G47260,AT3G43240,,
AT3G47570,AT3G51650,AT5G63020,AT1G27461,,
AT3G47580,AT3G51895,AT4G03200,AT2G40316,,
AT3G47990,AT3G51930,AT2G46180,AT4G17570,,
AT3G48170,AT3G52240,AT3G61570,AT5G47140,,
AT3G48200,AT3G53090,AT3G52610,AT3G19210,,
AT3G49030,AT3G53190,AT4G14970,AT4G32700,,
AT3G49490,AT3G53260,AT1G09400,AT1G58250,,
AT3G49670,AT3G53480,AT1G76680,AT5G49680,,
AT3G49725,AT3G53580,AT1G76690,AT1G44446,,
AT3G49730,AT3G53690,AT2G45870,AT3G02320,,
AT3G49980,AT3G53700,AT3G61320,AT5G15810,,
AT3G49990,AT3G53930,AT2G20370,AT3G26070,,
AT3G50070,AT3G54220,AT2G29040,AT3G26080,,
AT3G50240,AT3G54500,AT5G44800,AT4G39870,,
AT3G50390,AT3G54650,AT1G49780,AT1G09070,,
AT3G50710,AT3G54750,AT3G19380,AT3G16510,,
AT3G51150,AT3G55060,AT5G48740,AT4G17140,,
AT3G51320,AT3G55160,AT3G28720,AT5G64930,,
AT3G51570,AT3G55200,AT5G48960,AT2G28070,,
AT3G51830,AT3G55410,AT3G27550,AT2G16650,,
AT3G51930,AT3G55500,AT1G72390,AT4G21900,,
AT3G52480,AT3G55510,AT5G08010,AT1G01970,,
AT3G52680,AT3G56030,AT5G61040,AT5G13510,,
AT3G53590,AT3G56360,AT1G01060,AT3G12500,,
AT3G54180,AT3G57060,AT2G46830,AT4G01700,,
AT3G54220,AT3G57300,AT5G16210,AT4G29420,,
AT3G54280,AT3G58030,AT2G05230,AT1G48540,,
AT3G54440,AT3G58480,AT2G05250,AT3G17920,,
AT3G54650,AT3G58640,AT5G35753,AT1G55130,,
AT3G54670,AT3G60310,AT3G47950,AT3G13772,,
AT3G54730,AT3G60750,AT5G62670,AT3G18524,,
AT3G55200,AT3G61180,AT2G19080,AT3G11750,,
AT3G55220,AT3G61250,AT3G10230,AT3G21730,,
AT3G55260,AT3G61320,AT1G77220,AT5G62980,,
AT3G55320,AT3G61510,AT4G38360,AT2G47960,,
AT3G55410,AT3G61590,AT2G44900,AT5G02310,,
AT3G55970,AT3G61600,AT3G60350,AT5G15680,,
AT3G56270,AT3G61710,AT4G32820,AT1G08630,,
AT3G56690,AT3G61740,AT4G00330,AT3G04520,,
AT3G56960,AT3G61790,AT2G15760,AT3G19440,,
AT3G56980,AT3G62040,AT2G26530,AT4G04885,,
AT3G57060,AT3G62470,AT3G62630,AT3G10120,,
AT3G57300,AT3G62600,AT3G51930,AT5G03890,,
AT3G57510,AT3G62980,AT4G02010,AT3G52210,,
AT3G57530,AT3G63220,AT2G44150,AT3G27325,,
AT3G57720,AT3G63340,AT3G59960,AT1G16800,,
AT3G57730,AT3G63500,AT1G32700,AT4G23440,,
AT3G57830,AT4G00050,AT4G17900,AT3G24590,,
AT3G58380,AT4G00330,AT1G08630,AT5G18610,,
AT3G58770,AT4G00370,AT3G04520,AT2G33550,,
AT3G58920,AT4G00430,AT3G63030,AT1G80570,,
AT3G58960,AT4G01000,AT4G22745,AT2G30110,,
AT3G59020,AT4G01020,AT5G42760,AT5G06460,,
AT3G59250,AT4G01070,AT3G61750,AT1G75850,,
AT3G59580,AT4G01370,AT2G28130,AT2G31740,,
AT3G60550,AT4G01790,AT5G09350,AT1G79190,,
AT3G60740,AT4G01880,AT5G64070,AT1G31480,,
AT3G60940,AT4G02010,AT4G32700,AT5G05660,,
AT3G60980,AT4G02380,AT1G53310,AT1G66970,,
AT3G61320,AT4G02680,AT2G42600,AT1G66980,,
AT3G61510,AT4G02750,AT3G14940,AT3G20520,,
AT3G61590,AT4G02780,AT1G74680,AT4G26690,,
AT3G61740,AT4G02940,AT3G03650,AT5G55480,,
AT3G61790,AT4G03080,AT3G45400,AT5G58050,,
AT3G62060,AT4G03250,AT2G31400,AT5G58170,,
AT3G62440,AT4G03510,AT5G18610,AT4G33070,,
AT3G63320,AT4G03550,AT1G72190,AT5G01320,,
AT3G63340,AT4G03620,AT2G41700,AT5G01330,,
AT3G63440,AT4G03960,AT4G33210,AT5G54960,,
AT4G00330,AT4G04540,AT1G63210,AT2G41980,,
AT4G00760,AT4G04770,AT1G65440,AT3G58040,,
AT4G01340,AT4G04880,AT2G39550,AT2G39300,,
AT4G01350,AT4G04885,AT3G54480,AT3G55060,,
AT4G01370,AT4G05200,AT4G33140,AT5G10070,,
AT4G01400,AT4G05360,AT1G73970,AT3G05940,,
AT4G01460,AT4G05420,AT1G10780,AT5G26740,,
AT4G01650,AT4G08040,AT4G31150,AT5G67290,,
AT4G01740,AT4G08180,AT2G39580,AT5G60520,,
AT4G01760,AT4G08810,AT5G13300,AT5G60530,,
AT4G01910,AT4G09490,AT5G61980,AT5G24090,,
AT4G01920,AT4G09670,AT1G54090,AT1G79620,,
AT4G01930,AT4G09680,AT1G72470,AT5G49760,,
AT4G01970,AT4G09750,AT3G14090,AT5G49770,,
AT4G02010,AT4G10180,AT1G19480,AT5G49780,,
AT4G02180,AT4G10210,AT1G75230,AT1G64060,,
AT4G02190,AT4G10490,AT3G50880,AT4G11230,,
AT4G02660,AT4G10500,AT2G17820,AT3G08840,,
AT4G02680,AT4G11650,AT2G14825,AT3G05675,,
AT4G02740,AT4G12010,AT3G08010,,,
AT4G03080,AT4G12270,AT2G34460,,,
AT4G03130,AT4G12280,AT2G19110,,,
AT4G03460,AT4G12290,AT4G30110,,,
AT4G03550,AT4G12340,AT4G30120,,,
AT4G03830,AT4G12570,AT4G38440,,,
AT4G04030,AT4G13180,AT4G30840,,,
AT4G04404,AT4G13650,AT5G40820,,,
AT4G04880,AT4G13750,AT3G50910,,,
AT4G04960,AT4G13870,AT5G66480,,,
AT4G04970,AT4G14070,AT4G26760,,,
AT4G05110,AT4G14330,AT5G55230,,,
AT4G05120,AT4G14605,AT3G23670,,,
AT4G05130,AT4G14760,AT4G14150,,,
AT4G05140,AT4G14960,AT5G48130,,,
AT4G05540,AT4G15850,AT1G32200,,,
AT4G06490,AT4G15885,AT3G61350,,,
AT4G06744,AT4G15890,AT2G32590,,,
AT4G08450,AT4G16720,AT2G36060,,,
AT4G08550,AT4G17250,AT3G52560,,,
AT4G08593,AT4G17430,AT3G02260,,,
AT4G09570,AT4G17615,AT1G51710,,,
AT4G09649,AT4G17660,AT3G21280,,,
AT4G09950,AT4G17710,AT2G21420,,,
AT4G09970,AT4G17830,AT2G25360,,,
AT4G10120,AT4G17870,AT2G25370,,,
AT4G10370,AT4G19050,AT2G26130,,,
AT4G10890,AT4G19080,AT3G43750,,,
AT4G11150,AT4G19420,AT3G45580,,,
AT4G11170,AT4G19530,AT5G37560,,,
AT4G11390,AT4G19670,AT5G60250,,,
AT4G11540,AT4G19710,AT3G09470,,,
AT4G11550,AT4G19860,AT3G14120,,,
AT4G12020,AT4G20880,AT2G31320,,,
AT4G12570,AT4G21710,AT2G41220,,,
AT4G12910,AT4G21770,AT5G04140,,,
AT4G13180,AT4G21940,AT1G18460,,,
AT4G13250,AT4G22070,AT1G73920,,,
AT4G13670,AT4G22970,AT5G01160,,,
AT4G13790,AT4G23000,AT1G75450,,,
AT4G13870,AT4G23020,AT2G41510,,,
AT4G13992,AT4G23140,AT3G63440,,,
AT4G14210,AT4G23160,AT3G52030,,,
AT4G14746,AT4G23180,AT5G52910,,,
AT4G14805,AT4G23650,AT1G67120,,,
AT4G14900,AT4G23800,AT2G32000,,,
AT4G14960,AT4G23940,AT1G10760,,,
AT4G14980,AT4G23970,AT4G02050,,,
AT4G15020,AT4G24350,AT5G24260,,,
AT4G15060,AT4G24680,AT4G12620,,,
AT4G15075,AT4G24790,AT4G14700,,,
AT4G15096,AT4G25160,AT2G41500,,,
AT4G15720,AT4G25270,AT3G15380,,,
AT4G15750,AT4G25400,AT4G04670,,,
AT4G15890,AT4G25540,AT1G29340,,,
AT4G16015,AT4G25835,AT4G26980,,,
AT4G16470,AT4G26090,AT1G48090,,,
AT4G16835,AT4G26110,AT1G66170,,,
AT4G16930,AT4G26190,AT3G04740,,,
AT4G17050,AT4G26200,,,,
AT4G17180,AT4G27010,,,,
AT4G17230,AT4G27060,,,,
AT4G17510,AT4G27190,,,,
AT4G17700,AT4G27220,,,,
AT4G17990,AT4G27540,,,,
AT4G18130,AT4G27690,,,,
AT4G18260,AT4G27910,,,,
AT4G19020,AT4G27940,,,,
AT4G19470,AT4G28190,,,,
AT4G19510,AT4G28250,,,,
AT4G19550,AT4G28620,,,,
AT4G20400,AT4G28650,,,,
AT4G21070,AT4G28670,,,,
AT4G21150,AT4G28940,,,,
AT4G21570,AT4G29000,,,,
AT4G21900,AT4G29070,,,,
AT4G22280,AT4G29190,,,,
AT4G22970,AT4G29230,,,,
AT4G24120,AT4G29380,,,,
AT4G24390,AT4G29450,,,,
AT4G24790,AT4G30080,,,,
AT4G25160,AT4G30100,,,,
AT4G26190,AT4G30150,,,,
AT4G26440,AT4G30350,,,,
AT4G26510,AT4G30980,,,,
AT4G27010,AT4G31290,,,,
AT4G27050,AT4G31410,,,,
AT4G27750,AT4G31420,,,,
AT4G27840,AT4G31540,,,,
AT4G27880,AT4G31750,,,,
AT4G27910,AT4G31790,,,,
AT4G28160,AT4G31800,,,,
AT4G28620,AT4G31805,,,,
AT4G28630,AT4G31810,,,,
AT4G29000,AT4G31890,,,,
AT4G29050,AT4G31940,,,,
AT4G29070,AT4G31980,,,,
AT4G29140,AT4G32190,,,,
AT4G29310,AT4G32200,,,,
AT4G29780,AT4G32300,,,,
AT4G30150,AT4G32360,,,,
AT4G30160,AT4G32830,,,,
AT4G30680,AT4G33070,,,,
AT4G30990,AT4G33300,,,,
AT4G31230,AT4G34050,,,,
AT4G31420,AT4G34160,,,,
AT4G31580,AT4G34320,,,,
AT4G32175,AT4G34350,,,,
AT4G32360,AT4G34430,,,,
AT4G32375,AT4G34760,,,,
AT4G32620,AT4G34890,,,,
AT4G32670,AT4G35760,,,,
AT4G32700,AT4G35800,,,,
AT4G32850,AT4G36080,,,,
AT4G32920,AT4G36220,,,,
AT4G34060,AT4G36360,,,,
AT4G34160,AT4G37770,,,,
AT4G34265,AT4G38070,,,,
AT4G34890,AT4G38200,,,,
AT4G34900,AT4G38350,,,,
AT4G35560,AT4G39060,,,,
AT4G35600,AT4G39140,,,,
AT4G35670,AT4G39230,,,,
AT4G35740,AT4G39420,,,,
AT4G36520,AT4G39860,,,,
AT4G36650,AT4G39870,,,,
AT4G37460,AT5G01110,,,,
AT4G37580,AT5G01260,,,,
AT4G37590,AT5G01320,,,,
AT4G38950,AT5G01630,,,,
AT4G39050,AT5G01880,,,,
AT4G39060,AT5G01980,,,,
AT4G39070,AT5G02520,,,,
AT4G39580,AT5G03180,,,,
AT4G39620,AT5G03450,,,,
AT4G39780,AT5G03490,,,,
AT5G01330,AT5G03840,,,,
AT5G01420,AT5G04140,,,,
AT5G01670,AT5G04200,,,,
AT5G01730,AT5G04550,,,,
AT5G01881,AT5G04620,,,,
AT5G02080,AT5G04810,,,,
AT5G02110,AT5G04930,,,,
AT5G02270,AT5G05560,,,,
AT5G02310,AT5G05570,,,,
AT5G02330,AT5G05660,,,,
AT5G02340,AT5G05780,,,,
AT5G02350,AT5G06300,,,,
AT5G02660,AT5G06460,,,,
AT5G02880,AT5G06530,,,,
AT5G02910,AT5G06700,,,,
AT5G03406,AT5G07050,,,,
AT5G03680,AT5G07390,,,,
AT5G03870,AT5G07450,,,,
AT5G03970,AT5G07990,,,,
AT5G04140,AT5G08380,,,,
AT5G04240,AT5G08450,,,,
AT5G04500,AT5G08520,,,,
AT5G04550,AT5G09230,,,,
AT5G04810,AT5G09260,,,,
AT5G04900,AT5G09300,,,,
AT5G05170,AT5G09950,,,,
AT5G05220,AT5G10695,,,,
AT5G05365,AT5G10720,,,,
AT5G05570,AT5G11280,,,,
AT5G05660,AT5G11350,,,,
AT5G05840,AT5G11470,,,,
AT5G06030,AT5G11530,,,,
AT5G06350,AT5G11700,,,,
AT5G06610,AT5G11980,,,,
AT5G07580,AT5G12380,,,,
AT5G07810,AT5G12930,,,,
AT5G08470,AT5G12940,,,,
AT5G08505,AT5G13050,,,,
AT5G09780,AT5G13300,,,,
AT5G09970,AT5G13520,,,,
AT5G10070,AT5G13650,,,,
AT5G10180,AT5G13680,,,,
AT5G10240,AT5G13750,,,,
AT5G10250,AT5G13770,,,,
AT5G10500,AT5G13800,,,,
AT5G10960,AT5G13830,,,,
AT5G10970,AT5G13930,,,,
AT5G11790,AT5G14440,,,,
AT5G11980,AT5G14780,,,,
AT5G12000,AT5G15020,,,,
AT5G12010,AT5G15150,,,,
AT5G12450,AT5G15680,,,,
AT5G12870,AT5G15700,,,,
AT5G13300,AT5G15710,,,,
AT5G13520,AT5G15740,,,,
AT5G13820,AT5G16280,,,,
AT5G14230,AT5G16370,,,,
AT5G14400,AT5G16760,,,,
AT5G14620,AT5G16770,,,,
AT5G14680,AT5G16860,,,,
AT5G14780,AT5G17290,,,,
AT5G14990,AT5G17680,,,,
AT5G15020,AT5G18420,,,,
AT5G15300,AT5G18525,,,,
AT5G15410,AT5G18560,,,,
AT5G15500,AT5G19770,,,,
AT5G15620,AT5G20250,,,,
AT5G15680,AT5G20320,,,,
AT5G15980,AT5G20480,,,,
AT5G16300,AT5G20640,,,,
AT5G16870,AT5G20810,,,,
AT5G17290,AT5G20885,,,,
AT5G17370,AT5G20920,,,,
AT5G17890,AT5G21105,,,,
AT5G18160,AT5G21482,,,,
AT5G18210,AT5G21960,,,,
AT5G18340,AT5G22300,,,,
AT5G18350,AT5G22510,,,,
AT5G18360,AT5G22810,,,,
AT5G18370,AT5G23080,,,,
AT5G18510,AT5G23400,,,,
AT5G18780,AT5G23580,,,,
AT5G18830,AT5G23850,,,,
AT5G18970,AT5G23910,,,,
AT5G19130,AT5G23940,,,,
AT5G19700,AT5G24080,,,,
AT5G19770,AT5G24530,,,,
AT5G19780,AT5G24710,,,,
AT5G20420,AT5G24870,,,,
AT5G20610,AT5G25050,,,,
AT5G20810,AT5G25120,,,,
AT5G20960,AT5G25610,,,,
AT5G21280,AT5G25850,,,,
AT5G21482,AT5G25930,,,,
AT5G22010,AT5G26150,,,,
AT5G22250,AT5G26570,,,,
AT5G22355,AT5G26594,,,,
AT5G22820,AT5G27670,,,,
AT5G23580,AT5G28040,,,,
AT5G23880,AT5G28150,,,,
AT5G24680,AT5G34780,,,,
AT5G24710,AT5G35100,,,,
AT5G24810,AT5G35970,,,,
AT5G24830,AT5G36930,,,,
AT5G25790,AT5G36950,,,,
AT5G26150,AT5G38210,,,,
AT5G26670,AT5G38260,,,,
AT5G26880,AT5G38530,,,,
AT5G27010,AT5G38640,,,,
AT5G27750,AT5G39020,,,,
AT5G29050,AT5G39080,,,,
AT5G35390,AT5G39660,,,,
AT5G35603,AT5G40380,,,,
AT5G35750,AT5G40390,,,,
AT5G35840,AT5G40470,,,,
AT5G35930,AT5G40750,,,,
AT5G36240,AT5G40770,,,,
AT5G37030,AT5G40820,,,,
AT5G37150,AT5G41980,,,,
AT5G37410,AT5G42390,,,,
AT5G37430,AT5G42400,,,,
AT5G37620,AT5G42800,,,,
AT5G37630,AT5G42830,,,,
AT5G38260,AT5G42900,,,,
AT5G38490,AT5G43070,,,,
AT5G38500,AT5G43820,,,,
AT5G38530,AT5G43822,,,,
AT5G38640,AT5G44180,,,,
AT5G38710,AT5G44230,,,,
AT5G39550,AT5G44250,,,,
AT5G39910,AT5G44510,,,,
AT5G40100,AT5G44700,,,,
AT5G40500,AT5G44750,,,,
AT5G40570,AT5G45360,,,,
AT5G40680,AT5G45760,,,,
AT5G40820,AT5G46240,,,,
AT5G40870,AT5G46330,,,,
AT5G40910,AT5G46530,,,,
AT5G41540,AT5G46560,,,,
AT5G41550,AT5G46580,,,,
AT5G41620,AT5G46910,,,,
AT5G41740,AT5G47010,,,,
AT5G41750,AT5G47260,,,,
AT5G41780,AT5G47520,,,,
AT5G41920,AT5G47690,,,,
AT5G42220,AT5G47750,,,,
AT5G42690,AT5G47920,,,,
AT5G43040,AT5G47940,,,,
AT5G43530,AT5G48130,,,,
AT5G43650,AT5G48150,,,,
AT5G43900,AT5G48220,,,,
AT5G43920,AT5G48250,,,,
AT5G43990,AT5G48340,,,,
AT5G44070,AT5G48480,,,,
AT5G44316,AT5G48540,,,,
AT5G44635,AT5G48600,,,,
AT5G44700,AT5G48710,,,,
AT5G44750,AT5G48740,,,,
AT5G44970,AT5G49470,,,,
AT5G45050,AT5G49750,,,,
AT5G45260,AT5G49760,,,,
AT5G46560,AT5G50720,,,,
AT5G46670,AT5G51110,,,,
AT5G46910,AT5G51270,,,,
AT5G46915,AT5G51300,,,,
AT5G46930,AT5G51660,,,,
AT5G48780,AT5G51690,,,,
AT5G48960,AT5G51970,,,,
AT5G48980,AT5G52280,,,,
AT5G48990,AT5G52380,,,,
AT5G49140,AT5G52960,,,,
AT5G49150,AT5G53270,,,,
AT5G49350,AT5G53340,,,,
AT5G49650,AT5G53440,,,,
AT5G49760,AT5G53550,,,,
AT5G49770,AT5G54160,,,,
AT5G49820,AT5G54165,,,,
AT5G49980,AT5G54360,,,,
AT5G50420,AT5G54510,,,,
AT5G51270,AT5G54640,,,,
AT5G51630,AT5G54930,,,,
AT5G51670,AT5G55040,,,,
AT5G52090,AT5G55390,,,,
AT5G52250,AT5G55590,,,,
AT5G52480,AT5G55860,,,,
AT5G52610,AT5G56140,,,,
AT5G52960,AT5G56960,,,,
AT5G52990,AT5G57250,,,,
AT5G53430,AT5G57500,,,,
AT5G53460,AT5G57590,,,,
AT5G53470,AT5G57625,,,,
AT5G53635,AT5G57670,,,,
AT5G53700,AT5G57990,,,,
AT5G54165,AT5G58000,,,,
AT5G54250,AT5G58010,,,,
AT5G54610,AT5G58840,,,,
AT5G54620,AT5G59680,,,,
AT5G54650,AT5G60210,,,,
AT5G54720,AT5G60250,,,,
AT5G55300,AT5G60410,,,,
AT5G55780,AT5G60570,,,,
AT5G56430,AT5G60710,,,,
AT5G56740,AT5G60790,,,,
AT5G57035,AT5G61050,,,,
AT5G57500,AT5G61150,,,,
AT5G57590,AT5G61190,,,,
AT5G57690,AT5G61350,,,,
AT5G57870,AT5G61410,,,,
AT5G58120,AT5G61550,,,,
AT5G58270,AT5G61820,,,,
AT5G58530,AT5G61850,,,,
AT5G58790,AT5G62000,,,,
AT5G59730,AT5G62600,,,,
AT5G59920,AT5G62790,,,,
AT5G59930,AT5G62970,,,,
AT5G59940,AT5G63020,,,,
AT5G60230,AT5G63290,,,,
AT5G60250,AT5G63870,,,,
AT5G60430,AT5G63960,,,,
AT5G61300,AT5G64220,,,,
AT5G61330,AT5G64410,,,,
AT5G61550,AT5G64640,,,,
AT5G61560,AT5G64950,,,,
AT5G61950,AT5G65030,,,,
AT5G61980,AT5G65380,,,,
AT5G62400,AT5G65550,,,,
AT5G62420,AT5G65700,,,,
AT5G62730,AT5G65710,,,,
AT5G63200,AT5G66030,,,,
AT5G63870,AT5G66330,,,,
AT5G63960,AT5G66580,,,,
AT5G64360,AT5G66960,,,,
AT5G64710,AT5G66980,,,,
AT5G64930,AT5G67630,,,,
AT5G65010,ATMG00160,,,,
AT5G65040,ATMG00660,,,,
AT5G65280,,,,,
AT5G65420,,,,,
AT5G65770,,,,,
AT5G65780,,,,,
AT5G65820,,,,,
AT5G65950,,,,,
AT5G66460,,,,,
AT5G66740,,,,,
AT5G66980,,,,,
AT5G67260,,,,,
ATCG00490,,,,,
ATCG01070,,,,,
ATMG00280,,,,,
ATMG00660,,,,,